EP,E,P
ED,E,D
ET,E,T
EC,E,C
EB,E,B
E4,E,4
E4*,E,4*
ET5,ET,5
ETB,ET,B
ECP,EC,P
ECD,EC,D
ECT,EC,T
EC4,EC,4
EC4*,EC,4*
EM,E,M
EMP,EM,P
EMD,EM,D
EMT,EM,T
EM4,EM,4
EM4*,EM,4*
mGL,EM,Lob
EM.1,EM,.1
EMC,EM,C
K,EMC,N
KD,K,D
KT,K,T
KB,K,B
KTB,KT,B
KDB,KD,B
K5,K,5
GL,K,Lob
K4,K,4
wK4,K,4ʷ
KB4,KB,4
K45,K4,5
KD4,K4,D
KDB4,KDB,4
S4,K4,T
Grz,S4,Grz
KAlt₁,K,Alt₁
KAlt₂,K,Alt₂
KDAlt₁,KD,Alt₁
KDAlt₂,KD,Alt₂
KTAlt₂,KT,Alt₂
KAlt₂.2,KAlt₂,.2
KDAlt₂.2,KDAlt₂,.2
K.1,K,.1
K.2,K,.2
K4.1,K4,.1
K4.2,K4,.2
KD4.2,KD4,.2
S4.1,S4,.1
S4.2,S4,.2
S5,S4,5
GL.2,GL,.2
Grz.2,Grz,.2
K4.3,K4,.3
KD4.3,KD4,.3
S4.3,S4,.3
GL.3,GL,.3
Grz.3,Grz,.3
KTᵈ,K,Tᵈ
Triv,ET,Tᵈ
Ver,EM,Ver
Fm,E,Contr
