"S4.3","Grz.3"
"S4.3","S5"
"K4","GL"
"K4","KD4"
"K4","K4.2"
"S4","S4.1"
"S4","S4.2"
"Grz","Grz.2"
"GL","GL.2"
"wK4","K4"
"KTᵈ","Ver"
"KTᵈ","Triv"
"K","wK4"
"K","KD"
"K","KB"
"K","K5"
"K","KAlt₂"
"K","K.2"
"Grz.3","Triv"
"GL.2","GL.3"
"Grz.2","Grz.3"
"KTB","KT5"
"GL.3","Ver"
"E","EM"
"E","EN"
"E","EP"
"E","ED"
"E","EC"
"E","EB"
"E","E4"
"E","E4*"
"EM","EMP"
"EM","EM4"
"EM","EMC"
"Ver","Fm"
"Triv","Fm"
"KT","S4"
"KT","KTB"
"KT","KTAlt₂"
"ED4","KD4"
"EMD5","KD5"
"KD","KT"
"KD","KDB"
"KD","KD5"
"KD","KD4"
"KD","KDAlt₂"
"KD","K.1"
"EN","K"
"EP","ET"
"EP","ECP"
"EP","EMP"
"ED","ED4"
"ED","ET"
"ED","ECD"
"ED","EMD"
"ET","ETB"
"ET","ECT"
"ET","EMT"
"EC","ECD"
"EC","EC4*"
"EC","EMC"
"EB","ETB"
"EB","KB"
"E4","ED4"
"E4","EC4"
"E4","EM4"
"E4*","EC4*"
"E4*","EM4*"
"ET5","KT5"
"ETB","KTB"
"ETB","ET5"
"ECP","KD"
"ECP","ECT"
"ECD","ECP"
"ECT","KT"
"EC4","K4"
"EC4*","EC4"
"EMP","EMD"
"EMD","EMD5"
"EMD","KD"
"EMD","EMT"
"EMT","KT"
"EM4","EM4*"
"EM4*","K4"
"EM4*","mGL"
"mGL","GL"
"EMC","K"
"KB","KDB"
"KB","KB5"
"KT5","S5"
"KDB","KTB"
"KD5","KT5"
"KB5","KT5"
"KB5","KB4"
"K5","KD5"
"K5","KB5"
"K5","K45"
"KB4","KTᵈ"
"KB4","S5"
"K45","KB4"
"KD4","S4"
"KD4","K4.1"
"KD4","KD4.2"
"KAlt₁","KTᵈ"
"KAlt₁","KDAlt₁"
"KAlt₂","KDAlt₂"
"KAlt₂","KAlt₂.2"
"KDAlt₁","Triv"
"KDAlt₂","KDAlt₂.2"
"KTAlt₂","Triv"
"KAlt₂.2","KAlt₁"
"KAlt₂.2","KDAlt₂.2"
"KDAlt₂.2","KDAlt₁"
"KDAlt₂.2","KTAlt₂"
"K.1","KDAlt₁"
"K.1","K4.1"
"K.2","KAlt₂.2"
"K.2","K4.2"
"K4.1","S4.1"
"K4.2","GL.2"
"K4.2","KD4.2"
"K4.2","K4.3"
"KD4.2","S4.2"
"KD4.2","KD4.3"
"S4.1","Grz"
"S4.2","S4.3"
"S4.2","Grz.2"
"S5","Triv"
"K4.3","GL.3"
"K4.3","K45"
"K4.3","KD4.3"
"KD4.3","S4.3"
